OBS,CHK_ACCT,HISTORY,SAV_ACCT,EMPLOYMENT,PRESENT_RESIDENT,JOB
1,0,4,4,4,4,2
2,1,2,0,2,2,2
3,3,4,0,3,3,1
4,0,2,0,3,4,2
5,0,3,0,2,4,2
6,3,2,4,2,4,1
7,3,2,2,4,4,2
8,1,2,0,2,2,3
9,3,2,3,3,4,1
10,1,4,0,0,2,3
11,1,2,0,1,1,2
12,0,2,0,1,4,2
13,1,2,0,2,1,2
14,0,4,0,4,4,1
15,0,2,0,2,4,2
16,0,2,1,2,2,1
17,3,4,4,4,4,2
18,0,0,4,1,3,2
19,1,2,0,4,2,3
20,3,2,2,4,2,2
21,3,4,0,2,4,2
22,0,2,2,2,3,2
23,0,4,0,1,3,1
24,1,4,1,1,4,2
25,3,4,4,2,1,2
26,0,2,0,2,2,1
27,3,0,0,4,4,1
28,2,1,3,2,3,2
29,1,2,0,2,2,2
30,0,3,0,4,4,2
31,1,2,3,1,3,2
32,0,2,0,2,2,2
33,1,2,1,2,2,2
34,3,4,4,4,4,1
35,2,2,0,1,1,3
36,1,4,0,1,2,1
37,3,4,0,2,3,2
38,2,2,0,2,2,2
39,2,2,0,2,2,2
40,1,2,0,2,3,2
41,3,2,2,4,2,3
42,1,2,2,2,1,2
43,1,3,0,2,4,1
44,0,4,1,3,4,2
45,0,4,0,4,4,1
46,3,4,0,1,4,3
47,3,2,2,4,4,2
48,0,2,2,0,2,0
49,3,4,0,2,4,1
50,3,2,1,2,2,2
51,1,3,4,1,2,1
52,1,3,0,4,2,3
53,3,2,0,2,2,2
54,3,2,4,2,1,2
55,1,3,0,4,4,2
56,3,1,4,2,2,1
57,1,2,4,0,1,3
58,3,4,0,2,2,2
59,2,2,0,4,2,3
60,0,4,0,1,4,1
61,1,2,0,2,1,2
62,1,4,4,4,4,2
63,1,0,0,4,4,3
64,1,0,0,2,2,2
65,3,2,0,1,4,2
66,3,2,4,4,4,2
67,3,2,0,1,2,2
68,1,2,3,2,1,2
69,3,2,0,2,4,2
70,3,2,4,2,4,2
71,3,2,0,2,2,2
72,3,4,4,4,2,1
73,0,4,0,4,4,3
74,1,4,0,3,1,1
75,0,2,4,4,4,3
76,0,4,0,4,4,3
77,0,2,0,1,3,2
78,1,3,0,3,4,2
79,3,0,4,2,2,1
80,1,2,0,1,1,2
81,3,2,4,1,1,2
82,3,2,2,4,3,2
83,3,2,1,2,4,1
84,0,2,0,4,4,1
85,0,2,0,4,4,1
86,3,4,0,2,2,3
87,1,4,0,1,1,2
88,1,2,1,2,4,2
89,0,2,1,3,3,3
90,0,0,0,3,3,2
91,3,4,0,4,4,2
92,0,4,0,4,3,2
93,3,4,4,4,3,1
94,2,4,4,4,4,2
95,1,2,3,4,4,2
96,1,0,0,1,4,2
97,3,4,4,3,2,2
98,1,2,1,2,4,2
99,1,4,0,4,4,2
100,1,3,4,3,4,3
101,3,2,1,4,4,1
102,1,2,0,3,4,2
103,3,3,0,2,2,2
104,1,4,0,3,3,2
105,3,2,4,1,4,2
106,1,4,0,2,3,3
107,3,1,0,4,4,3
108,1,2,0,3,2,2
109,0,2,4,1,2,2
110,1,2,2,4,2,2
111,1,3,1,4,2,2
112,2,2,0,1,4,2
113,1,2,0,3,3,1
114,3,4,0,2,2,2
115,0,2,2,4,1,2
116,3,4,4,4,1,2
117,0,2,4,3,3,3
118,0,4,4,1,3,2
119,0,4,2,2,4,2
120,1,4,2,3,3,3
121,0,2,0,2,2,2
122,3,4,0,4,2,3
123,3,2,0,2,2,1
124,2,4,0,4,4,2
125,1,2,4,1,3,2
126,0,4,0,2,2,2
127,0,2,0,2,2,1
128,1,2,0,2,2,2
129,1,4,0,0,2,3
130,0,4,0,2,2,2
131,1,2,4,3,2,2
132,0,3,0,2,3,2
133,3,2,0,1,3,1
134,3,2,0,2,4,2
135,3,2,1,3,4,2
136,3,4,4,4,2,2
137,3,3,3,2,2,2
138,1,2,2,2,3,1
139,1,4,4,3,2,2
140,2,2,0,2,2,1
141,2,2,3,1,2,0
142,1,2,0,1,1,3
143,0,2,0,2,2,3
144,0,2,0,2,2,2
145,3,4,0,1,4,2
146,1,1,1,3,2,2
147,0,4,0,4,4,2
148,3,4,1,3,3,2
149,0,4,0,2,2,2
150,3,4,3,4,4,2
151,3,2,1,4,4,2
152,3,2,0,2,4,2
153,2,2,0,2,1,2
154,1,4,3,4,4,2
155,1,3,1,3,4,3
156,0,2,0,2,4,2
157,0,4,1,4,4,2
158,0,1,0,4,1,1
159,1,2,1,3,3,2
160,3,4,4,2,2,1
161,3,4,1,4,4,2
162,3,4,0,1,1,2
163,3,2,2,3,3,2
164,1,2,0,0,4,3
165,3,2,2,4,4,2
166,3,2,2,2,2,2
167,0,2,0,0,2,2
168,1,2,3,1,1,2
169,3,2,0,3,4,2
170,1,4,0,4,4,2
171,0,0,0,4,3,2
172,3,2,0,2,1,2
173,1,3,0,0,2,3
174,1,2,0,2,2,2
175,0,3,0,1,1,2
176,3,1,4,0,1,3
177,0,2,0,2,1,2
178,0,4,2,4,4,2
179,3,2,0,3,2,3
180,0,4,0,4,4,2
181,3,3,0,1,1,2
182,1,3,0,2,2,3
183,0,1,4,2,2,1
184,3,4,3,2,4,2
185,1,4,0,4,4,2
186,3,4,0,2,2,2
187,1,1,0,4,4,3
188,1,4,0,0,3,0
189,0,2,1,3,1,2
190,1,0,0,2,4,2
191,3,2,3,2,3,3
192,1,0,1,3,4,1
193,1,2,0,2,2,2
194,3,2,0,3,2,2
195,1,2,1,2,4,2
196,1,4,0,4,3,3
197,3,4,0,2,1,2
198,1,2,1,1,4,2
199,1,2,4,4,4,2
200,1,3,0,4,3,3
201,3,4,2,4,2,2
202,0,2,0,2,3,1
203,3,3,0,3,4,2
204,0,2,0,3,4,2
205,3,4,0,4,1,1
206,0,4,0,4,4,3
207,3,4,0,4,4,2
208,1,4,0,3,3,2
209,0,2,0,2,2,1
210,3,2,3,3,2,2
211,3,4,4,2,2,2
212,3,2,4,4,4,1
213,0,0,0,0,4,2
214,2,3,0,4,4,3
215,3,4,4,4,2,2
216,1,4,4,3,3,1
217,0,0,0,3,1,2
218,2,2,0,2,2,2
219,0,2,0,2,2,1
220,3,2,0,2,4,2
221,1,2,0,1,1,1
222,0,2,4,2,4,2
223,3,2,0,2,2,2
224,3,3,4,2,4,2
225,3,2,0,2,2,2
226,3,0,0,2,2,2
227,1,2,3,3,2,2
228,0,2,0,4,4,3
229,3,2,0,3,2,2
230,0,2,0,1,1,2
231,2,2,0,2,2,2
232,3,2,2,4,4,1
233,3,2,1,3,1,2
234,1,2,0,2,2,1
235,3,4,0,3,1,1
236,0,2,0,0,2,3
237,1,2,4,0,2,0
238,1,2,1,4,2,1
239,3,4,0,2,2,2
240,0,2,0,4,3,2
241,0,2,4,4,2,2
242,3,2,0,3,2,2
243,0,0,0,4,4,2
244,3,4,0,2,2,2
245,3,1,2,2,3,1
246,3,2,0,3,1,2
247,3,4,0,4,4,2
248,3,0,1,2,1,2
249,2,2,0,2,2,2
250,3,2,0,0,4,2
251,0,4,3,3,4,1
252,2,2,0,2,2,1
253,1,2,0,2,2,2
254,3,3,1,2,3,2
255,1,2,4,3,1,2
256,1,3,4,2,1,1
257,3,4,0,2,2,1
258,0,1,0,2,1,2
259,3,2,1,1,4,2
260,3,4,1,0,4,1
261,0,2,0,2,2,2
262,0,2,0,4,4,2
263,0,4,0,4,4,3
264,3,4,0,4,4,1
265,3,4,0,4,4,1
266,1,2,0,4,3,2
267,3,4,4,4,4,2
268,3,2,0,1,3,2
269,0,2,0,4,4,3
270,3,2,4,4,2,2
271,3,2,4,3,3,2
272,3,4,2,3,4,2
273,1,1,4,0,4,3
274,1,2,0,3,4,2
275,0,2,0,1,1,1
276,3,2,0,2,2,2
277,3,4,0,2,2,2
278,0,2,4,4,4,1
279,3,2,0,1,4,2
280,3,2,1,2,4,3
281,3,4,3,4,4,2
282,3,2,0,2,2,2
283,2,1,4,3,4,1
284,3,4,4,4,4,2
285,1,4,1,1,2,2
286,0,2,0,1,1,1
287,0,2,0,3,3,2
288,1,3,1,0,4,3
289,1,2,0,2,4,2
290,0,3,0,1,4,2
291,3,2,0,2,2,2
292,1,2,0,1,4,3
293,0,4,0,4,4,3
294,2,4,0,4,4,2
295,3,4,4,4,2,3
296,1,2,0,1,2,2
297,3,2,4,1,4,2
298,3,2,4,4,2,1
299,3,2,0,2,4,2
300,1,4,3,3,2,2
301,3,2,0,0,4,0
302,1,0,0,2,1,2
303,2,4,4,3,2,1
304,0,4,0,3,3,2
305,3,4,2,2,2,2
306,3,2,3,2,2,2
307,3,2,4,3,4,1
308,0,2,1,1,3,1
309,1,2,0,2,4,2
310,1,2,0,2,4,1
311,1,2,4,0,4,0
312,3,2,1,2,1,2
313,2,2,0,1,4,2
314,1,2,0,3,3,1
315,2,2,4,1,2,1
316,0,1,0,4,4,2
317,0,2,0,2,3,1
318,1,2,4,2,4,1
319,3,4,0,2,2,2
320,0,3,0,4,4,1
321,1,4,0,0,2,3
322,0,2,0,1,3,2
323,0,2,0,3,1,3
324,0,2,3,2,2,2
325,3,4,0,2,3,2
326,0,4,0,3,4,1
327,3,4,4,4,4,2
328,3,2,3,3,3,2
329,2,2,0,4,2,2
330,1,2,0,4,4,2
331,0,4,0,0,4,3
332,3,4,1,2,2,2
333,1,2,1,1,2,3
334,3,4,1,2,4,1
335,0,0,0,4,4,2
336,0,4,0,2,4,3
337,1,2,0,1,4,1
338,0,2,4,2,2,2
339,0,2,0,2,4,2
340,1,2,0,2,2,1
341,1,4,0,1,4,2
342,0,2,0,3,4,1
343,1,2,2,1,3,2
344,1,2,0,4,1,3
345,2,2,0,1,1,1
346,3,4,0,2,2,1
347,1,4,0,1,4,2
348,1,2,2,0,4,0
349,3,3,1,2,2,1
350,1,4,3,4,3,2
351,3,2,0,1,4,2
352,1,2,0,2,2,2
353,3,4,4,0,4,3
354,0,0,0,2,2,2
355,3,2,2,4,4,2
356,1,2,0,1,2,1
357,3,4,4,4,4,2
358,3,3,0,2,2,3
359,3,2,0,2,2,2
360,0,2,0,3,4,2
361,1,2,4,2,4,2
362,2,2,4,4,3,3
363,2,3,0,2,2,2
364,3,2,0,2,2,2
365,0,2,0,0,1,0
366,3,2,0,3,4,2
367,3,4,0,3,1,2
368,0,2,0,1,4,2
369,0,2,0,4,2,2
370,1,2,0,3,4,2
371,3,2,4,2,4,2
372,3,4,0,4,4,2
373,3,4,0,1,3,2
374,3,4,4,4,4,3
375,1,1,1,4,4,3
376,0,1,0,3,4,2
377,3,3,0,0,3,2
378,3,3,4,4,4,2
379,1,2,0,4,2,3
380,3,4,1,2,4,1
381,0,2,4,3,4,2
382,1,2,0,0,4,3
383,3,2,4,3,4,2
384,2,2,0,1,1,2
385,3,3,1,2,2,1
386,3,4,0,2,1,2
387,3,2,4,1,2,2
388,1,4,0,0,4,3
389,1,4,2,2,4,2
390,3,2,0,3,2,2
391,3,2,0,2,2,3
392,1,2,3,1,4,1
393,0,2,0,3,4,3
394,0,4,0,3,4,2
395,3,4,0,0,3,3
396,1,3,1,3,3,2
397,0,2,0,0,4,3
398,0,4,0,2,2,2
399,1,2,0,4,1,2
400,3,4,3,2,1,1
401,3,2,0,1,4,2
402,1,4,4,2,4,2
403,3,3,0,1,2,2
404,3,3,0,2,2,1
405,1,3,4,4,4,2
406,1,2,0,1,1,2
407,3,4,4,3,4,2
408,0,2,0,1,2,2
409,3,2,2,4,2,3
410,2,4,2,3,2,2
411,1,2,0,4,4,2
412,3,4,0,3,2,3
413,3,4,0,0,2,3
414,3,2,2,2,2,1
415,0,2,4,2,2,2
416,3,4,0,4,2,2
417,0,2,0,1,1,1
418,0,3,4,2,2,2
419,3,2,2,3,2,3
420,1,2,4,2,2,2
421,3,2,3,3,3,2
422,1,2,4,2,2,2
423,1,4,0,3,3,1
424,3,3,1,3,3,3
425,1,2,4,4,2,2
426,1,2,0,2,3,2
427,3,4,0,4,2,2
428,3,4,3,2,3,2
429,3,2,0,4,4,2
430,0,4,0,0,4,0
431,3,2,0,3,4,1
432,1,2,0,2,3,3
433,0,4,0,0,4,3
434,3,4,0,2,2,2
435,0,2,0,2,2,2
436,1,2,4,2,1,2
437,3,2,2,3,4,1
438,3,4,3,4,4,2
439,0,4,0,0,4,0
440,2,1,0,1,1,0
441,3,2,0,4,4,3
442,0,2,0,2,3,2
443,1,3,0,2,3,2
444,3,2,0,4,4,1
445,1,4,0,2,3,3
446,3,4,4,4,4,1
447,0,2,0,1,4,2
448,1,2,0,2,2,2
449,2,2,4,4,4,3
450,1,3,3,2,3,2
451,3,4,4,2,2,3
452,3,2,0,2,1,2
453,3,0,0,4,4,2
454,3,2,0,4,4,3
455,0,2,0,3,3,2
456,3,2,0,1,1,3
457,0,4,0,2,2,2
458,0,2,0,4,4,2
459,0,2,0,1,1,2
460,3,2,0,1,2,2
461,0,2,0,2,2,2
462,0,2,0,1,3,2
463,1,2,0,1,1,3
464,1,2,4,4,4,2
465,3,2,0,3,1,2
466,0,2,0,2,4,2
467,0,3,0,1,2,1
468,3,3,4,4,3,2
469,3,3,0,2,2,2
470,3,3,0,3,3,1
471,1,2,1,1,2,2
472,0,2,0,1,4,2
473,0,2,0,2,3,1
474,3,2,4,0,4,3
475,1,4,0,2,2,2
476,0,0,0,1,4,2
477,3,2,2,2,4,2
478,2,2,0,3,2,2
479,1,2,1,3,4,1
480,0,4,0,4,4,2
481,1,4,0,2,1,1
482,1,2,0,1,1,2
483,0,2,3,4,4,2
484,3,3,3,3,2,2
485,3,4,2,2,4,2
486,1,3,0,0,4,3
487,3,2,0,2,4,2
488,3,2,0,4,4,2
489,3,2,1,2,2,1
490,3,2,0,2,3,2
491,3,4,0,4,2,2
492,1,0,0,4,4,3
493,3,4,1,2,1,2
494,1,2,4,4,4,2
495,0,4,0,2,2,1
496,0,2,4,2,4,2
497,1,2,1,1,1,3
498,3,4,0,3,3,2
499,1,2,0,4,2,1
500,2,4,1,4,4,2
501,0,2,0,1,1,2
502,0,2,0,4,4,2
503,2,2,1,4,4,2
504,1,4,1,1,4,2
505,0,2,0,1,4,2
506,3,2,4,2,4,1
507,2,4,2,2,2,2
508,1,1,1,0,2,3
509,3,2,0,2,2,2
510,3,2,1,4,2,3
511,0,2,0,3,2,2
512,3,2,0,2,2,3
513,2,2,0,3,4,2
514,1,3,0,2,4,2
515,3,2,4,1,1,2
516,0,4,0,3,3,2
517,0,4,0,1,4,1
518,3,4,0,1,4,2
519,0,2,1,4,2,2
520,3,4,4,4,4,2
521,3,4,0,4,4,2
522,0,2,0,2,2,2
523,0,0,0,2,4,2
524,3,2,1,3,4,2
525,1,2,0,2,4,1
526,1,2,0,1,3,2
527,3,4,1,2,3,2
528,3,4,0,3,1,1
529,0,2,0,2,4,2
530,0,2,0,1,4,1
531,1,2,0,3,1,2
532,1,2,1,2,4,2
533,3,3,0,2,4,2
534,3,2,1,3,3,2
535,3,2,4,1,2,2
536,2,4,0,1,1,2
537,0,2,4,0,3,3
538,1,4,0,4,4,2
539,0,2,0,4,4,3
540,2,2,0,1,1,1
541,1,2,0,1,1,2
542,3,3,0,4,4,2
543,0,2,4,4,4,2
544,2,2,0,2,1,1
545,3,4,0,4,4,1
546,0,3,0,0,2,2
547,3,4,0,2,4,2
548,3,2,0,3,1,2
549,0,1,0,2,4,1
550,3,4,4,3,1,2
551,3,4,4,3,4,2
552,3,1,2,4,4,1
553,0,2,0,3,1,2
554,1,4,1,1,1,2
555,1,2,0,3,4,3
556,1,2,0,1,1,2
557,1,0,1,1,3,2
558,3,0,4,2,4,2
559,0,1,0,3,4,2
560,1,4,0,1,2,1
561,0,2,4,4,4,2
562,0,1,0,3,4,1
563,2,3,0,1,1,2
564,1,2,4,2,4,2
565,1,3,4,2,2,3
566,1,3,1,3,2,2
567,0,2,0,3,3,2
568,3,4,3,4,2,2
569,1,2,4,3,1,2
570,0,2,0,2,2,2
571,0,2,0,1,4,1
572,3,4,0,3,2,2
573,3,2,4,0,4,3
574,0,2,0,2,4,1
575,1,2,0,4,4,1
576,3,4,0,3,3,2
577,1,2,0,3,1,2
578,3,4,4,2,2,2
579,1,4,0,1,4,2
580,3,2,0,1,3,1
581,1,4,0,4,3,2
582,1,4,0,1,3,1
583,3,2,0,2,2,2
584,1,2,0,1,1,1
585,3,2,4,4,4,3
586,0,2,0,2,4,2
587,0,4,0,2,2,2
588,0,2,0,2,1,1
589,0,2,0,2,3,1
590,0,4,0,4,3,2
591,0,4,0,3,3,1
592,1,3,4,2,4,2
593,3,2,3,4,4,1
594,1,2,0,2,4,1
595,0,1,4,4,3,3
596,1,1,1,1,1,1
597,0,2,0,3,4,2
598,1,0,0,2,4,1
599,3,4,0,3,2,2
600,3,3,0,2,2,2
601,1,2,0,1,1,2
602,1,2,0,2,1,2
603,1,1,0,3,4,1
604,3,2,0,2,2,3
605,2,2,0,1,2,2
606,0,1,2,2,4,2
607,3,4,0,2,2,3
608,1,2,1,2,4,2
609,3,2,0,1,1,2
610,3,2,4,4,4,2
611,0,2,1,0,3,2
612,2,2,1,4,4,1
613,0,2,3,1,2,2
614,0,1,0,2,4,2
615,3,3,0,3,1,2
616,1,0,4,2,2,3
617,1,3,4,2,2,3
618,0,4,0,2,3,2
619,1,2,1,2,4,2
620,3,2,0,2,2,1
621,1,4,0,3,3,2
622,3,4,0,2,2,2
623,3,2,4,2,2,2
624,0,2,0,1,1,2
625,0,2,0,2,4,2
626,3,2,4,4,2,2
627,2,2,0,2,2,2
628,1,1,1,3,3,2
629,3,4,2,2,4,2
630,3,2,4,4,4,1
631,0,2,0,2,4,2
632,0,1,0,2,3,2
633,1,2,4,1,1,2
634,3,2,0,1,2,2
635,1,2,0,1,4,1
636,3,2,0,4,4,2
637,3,2,2,3,1,2
638,3,3,0,3,4,2
639,3,2,0,1,3,2
640,0,3,0,3,2,2
641,0,2,0,0,1,0
642,1,2,0,4,4,1
643,3,2,1,2,2,3
644,3,4,0,3,2,2
645,0,4,0,3,1,3
646,3,3,4,1,4,2
647,0,0,0,2,2,2
648,3,2,2,2,2,2
649,2,2,0,3,3,2
650,0,2,0,2,4,1
651,0,2,0,3,1,3
652,1,2,0,2,2,1
653,0,2,0,4,1,2
654,1,3,1,4,4,3
655,3,4,0,3,3,2
656,0,2,0,0,4,2
657,1,2,0,4,4,1
658,3,2,4,3,3,2
659,1,0,0,2,1,2
660,1,4,0,4,1,2
661,2,2,0,2,4,2
662,0,2,4,2,2,2
663,3,2,0,4,2,2
664,1,3,0,0,1,3
665,2,4,0,2,4,1
666,3,4,0,0,2,3
667,1,1,3,2,2,2
668,3,1,0,2,1,2
669,0,4,0,4,4,2
670,2,4,0,4,4,2
671,3,4,1,2,3,1
672,3,2,1,3,2,2
673,3,2,0,4,4,3
674,3,4,2,2,2,2
675,3,3,2,1,2,1
676,3,4,0,3,4,3
677,3,4,0,4,4,2
678,1,2,1,2,2,2
679,0,2,0,4,4,1
680,3,2,0,1,1,2
681,3,2,0,1,2,2
682,3,2,4,2,4,2
683,3,3,0,2,3,2
684,3,4,0,1,3,2
685,1,3,1,3,3,1
686,3,2,4,2,4,2
687,2,4,4,3,2,2
688,1,3,1,4,3,2
689,3,2,1,4,4,2
690,0,2,3,2,3,2
691,0,4,0,2,3,2
692,1,2,1,2,2,1
693,1,2,1,1,1,2
694,0,4,4,1,3,1
695,3,2,0,3,2,2
696,3,2,2,2,4,2
697,1,2,0,3,3,2
698,3,4,0,0,2,0
699,3,4,0,2,2,2
700,2,2,0,4,4,3
701,3,2,2,2,4,1
702,0,4,0,4,4,2
703,2,2,1,4,2,2
704,1,3,1,4,2,2
705,1,2,0,1,1,2
706,3,2,2,4,4,2
707,1,2,1,3,2,2
708,1,0,0,1,3,2
709,1,2,0,4,4,2
710,1,2,0,2,2,1
711,3,4,2,4,3,3
712,0,1,0,4,4,2
713,3,2,4,4,4,3
714,0,4,0,2,4,1
715,1,2,0,3,2,3
716,3,4,4,4,4,2
717,3,4,4,4,2,2
718,3,2,0,2,2,3
719,2,4,4,2,2,2
720,1,0,1,4,4,2
721,2,0,0,1,2,3
722,1,1,3,1,2,2
723,0,2,0,2,2,1
724,1,2,2,2,3,1
725,3,2,0,2,3,2
726,3,4,3,2,2,1
727,3,4,2,2,2,1
728,0,2,0,2,4,2
729,1,1,0,4,3,2
730,2,4,3,2,4,2
731,1,3,0,1,2,2
732,0,2,0,2,4,1
733,1,2,0,3,2,1
734,3,2,3,2,4,2
735,3,4,0,3,1,2
736,1,1,4,1,2,0
737,1,2,0,2,4,3
738,0,2,1,2,4,1
739,3,4,0,3,3,3
740,1,0,1,2,4,1
741,0,1,1,3,3,2
742,1,1,0,2,4,1
743,3,2,4,4,3,2
744,0,1,2,2,4,2
745,0,4,4,3,4,3
746,0,4,0,1,1,1
747,0,2,0,0,4,2
748,0,2,0,1,1,1
749,3,2,4,2,3,2
750,3,2,0,3,2,2
751,0,2,0,4,1,2
752,0,2,0,1,2,1
753,1,2,1,3,4,1
754,3,4,0,3,2,2
755,3,3,3,4,4,2
756,0,2,4,3,4,2
757,2,4,0,2,1,0
758,2,4,4,2,4,2
759,3,2,0,2,2,2
760,0,4,0,4,3,2
761,3,4,4,4,4,2
762,0,4,0,2,4,2
763,0,2,0,2,3,1
764,3,4,4,4,4,3
765,3,4,1,3,3,2
766,1,2,0,4,3,1
767,0,2,0,1,4,1
768,3,2,4,1,4,2
769,1,4,0,4,4,2
770,3,4,0,4,4,1
771,0,2,4,4,4,2
772,0,4,0,2,2,3
773,3,4,0,4,4,3
774,3,4,1,4,4,2
775,2,4,2,0,4,0
776,0,2,4,2,4,2
777,3,4,0,3,4,2
778,0,2,0,3,1,2
779,3,4,3,4,2,3
780,1,2,0,0,4,2
781,1,4,0,3,2,2
782,3,4,3,4,4,2
783,1,0,0,2,2,1
784,1,2,1,1,2,1
785,1,2,4,0,4,3
786,1,2,3,2,2,1
787,3,2,2,4,4,2
788,3,4,4,4,3,2
789,1,3,0,4,4,2
790,0,4,0,2,3,2
791,1,2,0,4,4,2
792,3,2,4,4,4,3
793,3,4,4,2,2,2
794,2,2,0,4,4,2
795,3,2,2,4,3,2
796,3,2,1,1,4,2
797,0,2,4,4,4,2
798,3,4,0,1,4,1
799,3,3,4,4,4,2
800,1,2,4,1,2,0
801,3,4,0,4,4,2
802,1,4,0,4,4,1
803,0,4,0,4,4,2
804,3,4,4,4,4,2
805,1,2,4,0,2,0
806,0,2,0,3,1,2
807,1,2,0,1,3,1
808,3,4,4,4,4,2
809,1,1,0,0,2,3
810,1,0,0,1,1,0
811,1,2,0,1,2,2
812,1,2,0,3,3,1
813,0,4,0,3,4,2
814,0,2,0,2,4,2
815,0,2,0,3,4,2
816,1,3,0,2,2,2
817,3,2,2,2,4,2
818,3,4,0,3,2,2
819,0,2,0,0,3,3
820,0,2,0,2,3,2
821,3,2,0,2,2,2
822,2,2,0,2,1,2
823,0,2,0,4,2,2
824,0,4,0,4,4,1
825,3,4,0,1,2,3
826,0,4,0,4,3,2
827,0,4,0,4,4,2
828,3,0,0,2,2,2
829,0,2,4,4,4,2
830,1,3,4,2,4,2
831,3,3,2,2,2,2
832,0,2,0,1,3,2
833,0,0,0,4,4,2
834,1,2,4,4,4,2
835,2,2,0,1,3,1
836,0,0,0,2,4,2
837,3,2,4,2,2,2
838,3,2,0,1,3,1
839,0,4,0,4,4,2
840,3,4,0,4,3,2
841,0,2,0,3,2,2
842,3,3,0,2,2,1
843,3,2,0,1,4,2
844,3,1,0,3,4,2
845,3,2,0,4,4,2
846,1,2,4,3,3,2
847,3,2,4,2,4,2
848,3,2,0,1,2,2
849,0,2,0,3,4,2
850,0,2,0,4,4,1
851,0,4,0,2,2,2
852,3,4,4,3,4,2
853,3,4,0,2,4,2
854,0,1,0,3,4,1
855,3,3,0,4,2,2
856,3,2,1,1,3,2
857,3,2,4,3,3,2
858,3,4,0,2,2,2
859,0,2,0,2,2,2
860,3,2,1,2,2,2
861,3,4,3,2,2,2
862,3,3,0,2,2,2
863,0,2,0,1,4,2
864,3,4,3,1,2,1
865,3,2,0,2,2,1
866,3,2,2,2,4,2
867,0,2,0,1,1,2
868,3,4,0,4,4,2
869,3,2,4,4,2,2
870,0,2,0,4,4,2
871,3,3,2,3,4,2
872,2,4,0,4,4,2
873,0,4,1,3,1,2
874,3,2,4,1,1,2
875,0,2,0,2,2,1
876,1,4,3,2,4,2
877,0,1,0,1,4,3
878,3,2,0,4,2,2
879,0,2,0,1,2,3
880,3,4,4,3,3,2
881,3,2,0,3,3,3
882,3,2,4,2,4,2
883,1,4,4,4,4,2
884,3,4,0,0,4,0
885,1,2,0,3,3,2
886,0,2,0,1,4,2
887,1,4,4,3,3,2
888,1,2,0,2,2,2
889,3,4,0,4,4,3
890,3,1,4,1,4,2
891,0,4,0,4,4,3
892,3,4,0,4,4,2
893,0,4,0,2,4,1
894,1,4,0,2,4,2
895,3,4,4,2,3,2
896,3,3,4,3,2,3
897,0,2,0,1,4,3
898,3,4,3,3,2,2
899,3,2,4,3,4,1
900,0,2,0,2,3,2
901,0,4,0,4,4,2
902,3,4,4,1,4,2
903,3,4,4,4,4,2
904,3,2,4,2,2,2
905,3,2,0,4,1,3
906,0,2,0,2,2,3
907,0,2,4,3,2,1
908,1,2,4,2,2,2
909,3,3,0,1,2,1
910,1,2,4,2,2,1
911,3,3,0,2,4,2
912,1,4,0,1,4,1
913,1,2,4,4,4,2
914,3,2,3,4,2,2
915,0,1,0,2,2,2
916,1,0,0,2,2,3
917,3,2,1,2,2,2
918,0,2,0,4,4,3
919,0,2,1,0,1,2
920,0,2,0,4,2,3
921,3,4,0,2,2,2
922,3,3,2,3,1,3
923,0,2,0,1,4,2
924,1,2,0,3,4,2
925,0,1,0,1,1,2
926,0,1,0,1,2,2
927,0,4,0,1,4,2
928,0,2,0,3,4,2
929,3,2,4,4,4,2
930,0,3,0,2,2,1
931,0,2,0,1,1,1
932,1,2,0,1,2,2
933,3,4,0,2,1,2
934,3,4,2,4,4,2
935,0,2,0,2,1,2
936,1,3,1,1,3,3
937,2,2,0,2,2,1
938,1,2,0,1,3,3
939,1,2,0,2,4,2
940,3,4,4,2,4,3
941,3,2,4,1,3,3
942,3,2,0,2,2,1
943,3,2,4,3,2,2
944,3,4,0,3,1,1
945,0,2,0,1,1,2
946,1,0,2,1,1,2
947,0,1,2,1,4,2
948,3,2,4,0,4,3
949,3,2,0,1,1,1
950,3,2,1,4,4,2
951,1,4,0,0,3,0
952,0,3,0,3,1,2
953,1,2,2,1,4,2
954,3,2,0,0,2,3
955,0,2,0,2,4,2
956,0,4,3,4,4,3
957,2,4,4,4,4,1
958,1,4,0,4,4,1
959,0,2,0,2,2,1
960,1,2,1,4,4,2
961,3,4,0,4,2,2
962,1,3,0,2,4,2
963,3,2,4,2,2,2
964,3,2,2,4,2,2
965,1,2,0,1,1,1
966,1,2,4,2,1,2
967,1,4,2,2,2,1
968,3,2,0,4,2,3
969,3,2,4,3,4,2
970,0,4,0,2,2,1
971,1,2,1,2,2,2
972,3,2,0,2,4,1
973,0,1,0,0,4,0
974,0,2,0,4,4,2
975,3,4,0,2,2,2
976,2,2,2,2,3,1
977,1,2,0,2,3,2
978,1,3,4,4,2,2
979,3,3,0,4,4,1
980,1,1,1,2,2,2
981,1,4,0,3,2,2
982,3,2,0,0,2,3
983,2,2,1,2,1,3
984,0,2,0,2,2,2
985,3,4,0,3,2,1
986,0,4,0,2,3,2
987,2,0,0,1,1,2
988,3,2,1,0,4,2
989,0,2,0,0,2,3
990,1,4,0,4,2,1
991,3,4,4,1,1,1
992,3,1,1,4,4,1
993,0,2,4,3,4,1
994,0,2,0,0,3,3
995,3,2,4,4,3,2
996,3,2,0,3,4,1
997,0,2,0,2,4,3
998,3,2,0,4,4,2
999,0,2,0,2,4,2
1000,1,4,1,0,4,2
